,0
0,XE9M
1,9Z0E
2,7AB8
3,V7H9
4,KRDI
5,IS7C
6,LD0K
7,LCW5
8,D5DD
9,C8QV
10,2FJC
11,MS6P
12,RLB0
13,I7U8
14,333H
15,HKD6
16,B19C
17,93K0
18,PRDP
19,SZZJ
20,EJO3
21,5G5V
22,TQ84
23,5LIM
24,UVOQ
25,X1E9
26,XSD2
27,ULVO
28,3L1F
29,ZUF7
30,ZBXT
31,F81S
32,8QCY
33,QMW2
34,N0ZV
35,HYPX
36,8DCQ
37,ZPBH
38,J0QW
39,GV68
40,AKI2
41,EAOP
42,JMMS
43,YOON
44,EG4D
45,EX0N
46,J28H
47,9KBT
48,PJTY
49,H8EG
50,L9KZ
51,GX6C
52,N2VY
53,HBCH
54,C9ZC
55,B4P0
56,K2ZA
57,PN2A
58,SD44
59,V51T
60,0SI7
61,G7ZY
62,LSUG
63,7OHP
64,MWO5
65,WM8K
66,9WVH
67,2XLS
68,76I6
69,47N4
70,9MHS
71,HA2I
72,5QCU
73,8S2G
74,U7N6
75,86EC
76,A86P
77,UMJL
78,6D82
79,48TH
80,LLQ0
81,CW2J
82,ZGNX
83,3ZDO
84,8AYC
85,XS0O
86,0WPM
87,FDJV
88,2U7Z
89,6W6F
90,VEI5
91,WVTQ
92,76GP
93,4ESI
94,Q1BO
95,Y9IT
96,3ATH
97,ISNE
98,ILUU
99,A5Y9
100,9ZOT
101,6K53
102,JSBF
103,1VQI
104,2CFQ
105,0SIU
106,UQQO
107,8GYK
108,S08F
109,ARJA
110,HSF9
111,YWHH
112,PT7E
113,HSV4
114,G7VS
115,76ZE
116,0XH5
117,PDFW
118,WNW5
119,NAXI
120,9SQ8
121,2HSB
122,LVE7
123,61ZR
124,ITFG
125,6V9R
126,X5M9
127,D05X
128,Z6EB
129,P4CE
130,0K6J
131,EWJI
132,LZ4Q
133,MJWW
134,3YZ6
135,H8PX
136,YUK7
137,8WSC
138,72MD
139,BD2S
140,2TCK
141,SH7V
142,B8OT
143,Q8YT
144,I5LJ
145,A61U
146,POUU
147,9VV2
148,XH7Q
149,UBXI
150,5TYJ
151,GRBR
152,E4E7
153,1RSO
154,V70D
155,L6Y0
156,1QCQ
157,4HHL
158,7015
159,FFCB
160,2QT6
161,LBCD
162,5Y75
163,NW6Y
164,T5HN
165,15KS
166,VRE4
167,AZFA
168,FD98
169,0YES
170,QRGU
171,04P6
172,WKZB
173,19RR
174,HAEI
175,WUIE
176,P3OF
177,VO7U
178,JKLF
179,AH7R
180,F5PZ
181,NDEG
182,FYBI
183,91BH
184,27YU
185,JIJB
186,UXJE
187,ZTZS
188,G40Y
189,PSSO
190,40SM
191,89O3
192,W8TO
193,CF47
194,5ZQ0
195,RR4S
196,D95W
197,S91U
198,F5GA
199,JSZC
200,U8NG
201,DUG0
202,CBMU
203,AHBY
204,6RCT
205,FN7R
206,HCO3
207,XEHP
208,VU2O
209,VPSX
210,YK0K
211,UTWJ
212,N2TQ
213,BKE3
214,R4PW
215,6XL1
216,LPYO
217,VZSQ
218,80R6
219,N6Z0
220,UXHA
221,4AVD
222,I5E0
223,HSQ3
224,8L5E
225,PDMX
226,7WZV
227,UVRU
228,7TQN
229,OY30
230,SAVM
231,4HJR
232,A42I
233,GME5
234,5HH9
235,Y868
236,50PC
237,1Y9G
238,32JE
239,9ACC
240,U1TW
241,SQ3K
242,3GUR
243,Z0B0
244,UF9W
245,Z2TZ
246,WKVR
247,ODEG
248,WI09
249,KEGK
250,CGW7
251,9ALM
252,ECNL
253,UI4A
254,DB4B
255,MNL8
256,XFDP
257,WFV8
258,R2M5
259,M4Q0
260,XZJP
261,93NN
262,QD26
263,XK8P
264,2K8F
265,1S69
266,GO2U
267,ZYLV
268,4LPJ
269,L8FK
270,LRZU
271,BNYP
272,IW3J
273,73MX
274,4BS0
275,PCV4
276,U2WN
277,0AMS
278,4S76
279,67JG
280,8H1Y
281,LZAM
282,SIG2
283,J3FU
284,1EY5
285,BHO7
286,VFAV
287,TTM6
288,KQFA
289,566W
290,LIQW
291,BMU5
292,3S30
293,KGUH
294,VRPA
295,JVGX
296,FLMN
297,4XTJ
298,YF6F
299,DUA4
300,REA2
301,R45L
302,AGKG
303,PSQU
304,NQHT
305,0834
306,OGUZ
307,6O6S
308,667G
309,BPW0
310,DZDX
311,MRYT
312,93SH
313,S16Q
314,GH0O
315,CUL4
316,C8O5
317,23KR
318,7ZO8
319,UGCZ
320,PGJD
321,03GH
322,QZLE
323,B8U1
324,S1IM
325,BGAD
326,RMZT
327,BYLA
328,ZJN2
329,E8DX
330,41WC
331,H7SO
332,HDH2
333,47QO
334,QWSA
335,D700
336,2NLH
337,2BS8
338,5E59
339,BESI
340,78C2
341,IWMS
342,FD75
343,M007
344,R87Q
345,Z2P2
346,GBWQ
347,5WO2
348,IF5Q
349,NEER
350,OKU5
351,GRKX
352,0J4I
353,4YLD
354,STE8
355,F3TW
356,PDY2
357,AABW
358,KWXU
359,17XT
360,UTPQ
361,1SSL
362,WR6J
363,C3T5
364,NORT
365,41OJ
366,5UW2
367,MPZ1
368,HN72
369,OUE0
370,0SSD
371,HPHV
372,3FKU
373,IB88
374,YACN
375,WY9G
376,SG19
377,TTQP
378,XDMY
379,66JH
380,6IGN
381,O5C9
382,6RBE
383,691K
384,TVHU
385,N42C
386,PW59
387,9PDJ
388,376I
389,CESQ
390,BHX0
391,QGFF
392,L31M
393,VFOI
394,3H1E
395,8IB4
396,D7LI
397,Y4IX
398,TYTI
399,WV28
400,YFDG
401,HN94
402,ZRYX
403,PBZY
404,EWOC
405,6VC1
406,WB92
407,30CF
408,3ZQ3
409,YSRF
410,A65L
411,5SJP
412,JAG3
413,IMPI
414,BERV
415,BVZH
416,P0DZ
417,8RUM
418,83H5
419,LMH5
420,X837
421,72JS
422,9LT0
423,OGGJ
424,RB35
425,B67P
426,R2OS
427,4X97
428,9QCM
429,RBE3
430,CMLC
431,12XQ
432,H11D
433,YIUF
434,XUZT
435,UPHR
436,8JAH
437,6JIV
438,JH0A
439,P4N9
440,YUDE
441,MQG2
442,J4J7
443,NX0L
444,BPKE
445,0GGX
446,UB81
447,65IN
448,9UDZ
449,6HIJ
450,UG8R
451,ELTA
452,2ZWE
453,4HCA
454,PR91
455,1U5B
456,HUAK
457,9THL
458,MQED
459,B61B
460,EQQD
461,VUQK
462,02EM
463,OIP0
464,44JJ
465,6SEG
466,HLX5
467,XWIX
468,CWDH
469,BGPA
470,AF19
471,MSCY
472,GNI8
473,FS4C
474,3PKW
475,4JYB
476,ZINQ
477,2RC6
478,7AQK
479,QTTM
480,1W2A
481,RBGW
482,AFYK
483,QGE4
484,0VFT
485,5DSK
486,YAMY
487,5HVS
488,5KD2
489,520L
490,NSB3
491,JELN
492,ZKBG
493,YRN4
494,MYYM
495,DY26
496,BULB
497,FZCJ
498,JUJE
499,3MF0
500,OYQC
501,Z3VE
502,F654
503,7H3X
504,5HE8
505,OHRR
506,CBTF
507,PA2C
508,03UI
509,NHNJ
510,7OSW
511,KSOT
512,PD0C
513,W0A4
514,M1QN
515,DCLK
516,G3DQ
517,WC3A
518,5PR7
519,16T6
520,GEI3
521,53T2
522,4P6B
523,0347
524,909B
525,BWBV
526,OWH5
527,KVMM
528,78DJ
529,446G
530,A4GI
531,1I07
532,5FIV
533,7H45
534,U80H
535,B3OH
536,XIDO
537,MNJ1
538,X6UB
539,UJVB
540,1EQZ
541,17KZ
542,9SPR
543,DDDQ
544,47AV
545,OFYR
546,ANAO
547,S9NM
548,QW7J
549,25OO
550,CZZP
551,KEJU
552,V890
553,0JUI
554,7QPY
555,CFBS
556,KFSB
557,5YJJ
558,6AYJ
559,S6HQ
560,SURQ
561,C5I9
562,LHK4
563,4DB6
564,QT1E
565,FZB7
566,2RL2
567,6560
568,XFQN
569,3GFV
570,LACO
571,XL8D
572,N1HF
573,OMQ5
574,6EWZ
575,RKQI
576,OO3U
577,24NW
578,M8U6
579,PRSH
580,6SLK
581,42T5
582,M34X
583,W0JC
584,UG6I
585,Q64J
586,5NBR
587,QMA6
588,TKCB
589,FH4T
590,IC0P
591,MSF7
592,JCWR
593,4DU9
594,J36O
595,2PBV
596,JT5M
597,YHB7
598,XIZT
599,323F
600,5DEI
601,4UKL
602,V8WD
603,LR1M
604,QZJY
605,OSC2
606,G8FU
607,JSUJ
608,3F09
609,3H7Q
610,TX4S
611,54SU
612,BHSB
613,M8A7
614,SDCZ
615,0EYH
616,MU9C
617,GW3O
618,QDRF
619,UR62
620,VW7T
621,8LUC
622,3FS2
623,X1AT
624,4CWF
625,ZSP9
626,1IT2
627,V6T1
628,ZUP6
629,FYTA
630,FQT0
631,OMLA
632,OL3X
633,HY1C
634,0VPQ
635,QF9W
636,5Z5F
637,GVRA
638,6SSG
639,KTMR
640,KB0R
641,03V2
642,KALI
643,TAZJ
644,UNP3
645,RPS3
646,W0HN
647,JZ2S
648,RLJT
649,I0WP
650,EEBC
651,J4EZ
652,1ONI
653,IUEF
654,1BY8
655,5CPO
656,TTWB
657,DDN6
658,YP11
659,M08J
660,FG35
661,9OT8
662,OHJZ
663,HBZL
664,LD3R
665,120Y
666,SXRZ
667,OBRV
668,YBLI
669,EST3
670,ZW9S
671,0YQ2
672,JW0K
673,JJH6
674,QFCA
675,YV8R
676,A2KS
677,GPRO
678,0HHM
679,B1OA
680,WWNY
681,C4Y6
682,9PWP
683,UCRA
684,5SLN
685,0HGU
686,UR1F
687,IW8Z
688,WPZ0
689,Z625
690,L5RD
691,1HED
692,DRIA
693,YL0N
694,YSCN
695,YQI5
696,S3Z9
697,BVEW
698,X9T2
699,LH2G
700,7S0D
701,V3HT
702,VY14
703,D64O
704,T9BQ
705,U92N
706,L1A5
707,45F4
708,2UX4
709,5ETM
710,0OX2
711,6CZR
712,XKFO
713,5BH5
714,I168
715,0O3V
716,PWB9
717,PY8D
718,25EQ
719,UY76
720,4CXF
721,X3MY
722,W63X
723,E04A
724,N5CB
725,N1OX
726,0KNA
727,PZNO
728,EDO7
729,BD01
730,YZF7
731,A3L9
732,32RB
733,JBCB
734,FQJK
735,C4QP
736,AMZB
737,NUVS
738,PDZ6
739,M8TG
740,7ZCK
741,WS85
742,X6H4
743,AN57
744,PLD6
745,KZNK
746,16LU
747,R0I0
748,G1J4
749,5XA1
750,5EN2
751,EPE9
752,FEWV
753,U2NA
754,M94T
755,7QMK
756,9HAV
757,EDFU
758,4OJT
759,3915
760,QAJE
761,IIYY
762,OHF8
763,1Z07
764,SWH6
765,2RF7
766,URJV
767,OSTP
768,01GU
769,9ATJ
770,S9Q5
771,LXWB
772,QUNI
773,N0I4
774,JVLC
775,M8CS
776,WCW1
777,PJ2T
778,O9HU
779,B9SZ
780,UVOH
781,DO8C
782,HE4U
783,EGGJ
784,1SUN
785,12UL
786,VS3H
787,SAPI
788,5Z59
789,V555
790,M7VY
791,YNRD
792,K291
793,J335
794,2902
795,602H
796,ITOP
797,U8PU
798,EK0C
799,1CL8
800,9RCC
801,ZB51
802,CBKV
803,GM0K
804,A0CI
805,K6QD
806,9ZGX
807,ITB0
808,TYIM
809,TJVI
810,47BO
811,PMTE
812,0M5F
813,R591
814,6QMA
815,EOBJ
816,MGQ6
817,KH9N
818,4CE0
819,XM6A
820,FY1G
821,EQJE
822,A3IH
823,1MUA
824,4WCL
825,UHVM
826,B756
827,6QM1
828,OGVN
829,0F2U
830,J5D7
831,88DB
832,1UT3
833,UVL1
834,7UC1
835,CFF9
836,LEZO
837,EGFW
838,ACU5
839,PXR6
840,KC39
841,QJCE
842,KK1P
843,O1SN
844,YFDB
845,0P6F
846,HM8J
847,JICI
848,P2N1
849,MAV7
850,QJJY
851,MJKI
852,EZ6Y
853,0854
854,3QNL
855,4DH7
856,9CA2
857,H851
858,07WF
859,OTLX
860,N4O0
861,XOUY
862,1ZGI
863,L20V
864,A7Y9
865,EVRQ
866,LO7J
867,4K0D
868,P5FU
869,RBNR
870,Q6RB
871,SQ4F
872,T6N9
873,0RF7
874,AXFS
875,EKBV
876,EV3Y
877,HMG2
878,IB01
879,1T40
880,ZOQ4
881,ETPX
882,UI2H
883,252A
884,P94Y
885,IGGN
886,UVCZ
887,V7SN
888,C36N
889,CM8G
890,YCGS
891,2BQL
892,VYYY
893,G22J
894,AFXW
895,3PY7
896,QYXW
897,VCG4
898,1PGO
899,76N1
900,WGUO
901,B62P
902,ZSI0
903,0FWF
904,7673
905,9RZJ
906,PNS6
907,EVC1
908,HGSR
909,6XEE
910,N8E5
911,9K6I
912,SF5Z
913,TN3B
914,8ZW5
915,81HU
916,ECTC
917,OD03
918,7O2R
919,HH5A
920,RLRL
921,5ECK
922,Y17U
923,NQZ3
924,AR4T
925,JHBQ
926,IDSH
927,8VBM
928,W9TT
929,A97N
930,AXLH
931,M45S
932,Q03Y
933,FSPZ
934,LFNU
935,2U0A
936,6L7Y
937,GZH6
938,820D
939,55X7
940,FAZQ
941,BZZ9
942,2278
943,SME8
944,DBLX
945,7AG9
946,MBUM
947,Z68J
948,PQDO
949,47PN
950,VE0Q
951,Q2V3
952,YQNK
953,F7FU
954,AG17
955,FU2A
956,HD9V
957,23O2
958,YYCG
959,LOZR
960,3U6H
961,336O
962,ERWG
963,M0YG
964,EWUA
965,PGE6
966,BU9J
967,TTV6
968,S3W3
969,UHAZ
970,PJ2F
971,G63X
972,1NWQ
973,Q12R
974,2YVX
975,KQ0H
976,VMT5
977,LIPI
978,LNQL
979,L1E2
980,95KU
981,52SX
982,CZ0R
983,5EZ2
984,FBHI
985,F5F6
986,Y1B3
987,0MLK
988,OU4E
989,73XA
990,A6LK
991,PKEZ
992,UCDD
993,W1LL
994,0ZW1
995,SHKB
996,Y2N3
997,2WZK
998,F3IA
999,KTS0
1000,OCGQ
1001,AWKC
1002,JH0N
1003,L6KS
1004,V3ZW
1005,UPCB
1006,KT94
1007,MCUG
1008,9N79
1009,PKY3
1010,Y5T1
1011,JSBS
1012,YBZP
1013,UBGL
1014,J042
1015,K8UT
1016,CMAU
1017,SER0
1018,IALZ
1019,5TL2
1020,571E
1021,XU7U
1022,CBN2
1023,UNCV
1024,68U0
1025,M59G
1026,QVR0
1027,9ZVC
1028,3L0D
1029,CQC2
1030,FHP2
1031,ZIAZ
1032,8RQ1
1033,9N4Q
1034,LG62
1035,UG39
1036,CX1W
1037,ITVH
1038,3WIL
1039,6XUY
1040,H32X
1041,83R6
1042,60C3
1043,NTNL
1044,1XN4
1045,Z8LK
1046,OQQ4
1047,EBTX
1048,J3M6
1049,93CQ
1050,EY0V
1051,GICD
1052,VYBD
1053,LZU8
1054,R6IP
1055,U5OP
1056,E96U
1057,NU0Q
1058,5BNL
1059,0CPE
1060,K1Y9
1061,ZZU7
1062,VPW8
1063,D0NS
1064,CMZF
1065,DO7B
1066,PUM4
1067,3DYT
1068,Z9L6
1069,7G0Q
1070,5WRL
1071,HANI
1072,G8IZ
1073,TU1C
1074,QB5L
1075,1MP3
1076,O8IL
1077,EDVZ
1078,9JXY
1079,FSBP
1080,T2C9
1081,ASEZ
1082,SV48
1083,W3JD
1084,D19P
1085,ABKF
1086,QFAX
1087,SSN6
1088,GXFK
1089,2KQL
1090,W9W9
1091,9RKJ
1092,4KG9
1093,VONF
1094,KT56
1095,AT6R
1096,XUS2
1097,XLJB
1098,S86H
1099,6F9M
1100,9PS6
1101,AO4T
1102,14UL
1103,738C
1104,6EHF
1105,QRSU
1106,SLS8
1107,VEEF
1108,05Q4
1109,STBG
1110,4XJ2
1111,VTVI
1112,X1JI
1113,RZYZ
1114,NW29
1115,R7L0
1116,S12W
1117,7JZO
1118,AP6N
1119,328L
1120,YGSV
1121,2OY0
1122,WXCH
1123,LAR6
1124,AFCD
1125,558V
1126,EH8H
1127,GFKY
1128,LMXH
1129,ND5J
1130,V55C
1131,CR80
1132,0YXP
1133,ISHW
1134,MNOF
1135,BMTP
1136,9HC3
1137,1D6W
1138,RDH2
1139,NDTX
1140,32HR
1141,1M3T
1142,THDT
1143,HWWL
1144,26VR
1145,LXQG
1146,YIZV
1147,SNZ1
1148,0D2P
1149,NMWJ
1150,LIVE
1151,02VN
1152,2JEE
1153,AGNL
1154,EJL7
1155,P1CQ
1156,LARS
1157,55AQ
1158,US5L
1159,BAAL
1160,14OW
1161,XXBV
1162,A4CT
1163,SAYH
1164,W2O0
1165,4S3J
1166,1YWT
1167,JYZJ
1168,F1GZ
1169,CWL9
1170,A7BY
1171,DHW1
1172,M1E1
1173,W8F0
1174,75VN
1175,Q0QO
1176,5OOT
1177,2UUV
1178,EKN7
1179,N3EN
1180,8WDD
1181,75O5
1182,MOQ0
1183,555K
1184,V6UG
1185,CCHR
1186,LRHC
1187,NIXO
1188,NDTV
1189,7PLW
1190,IJR2
1191,3TQT
1192,8BHB
1193,O2JK
1194,J31J
1195,DZQA
1196,95L6
1197,VHCT
1198,RMUB
1199,ED2Q
1200,7CJ1
1201,QU9Q
1202,ZB4E
1203,LWCN
1204,GNZ2
1205,UTRO
1206,IW1F
1207,7LPD
1208,OE88
1209,LIF6
1210,21NG
1211,USVQ
1212,4KC3
1213,MOTS
1214,KV4X
1215,ZP88
1216,I2RB
1217,0BXM
1218,N5XB
1219,UPD9
1220,J4YJ
1221,ERGB
1222,F26L
1223,2GGD
1224,0C8N
1225,SZJW
1226,9RTR
1227,U2PS
1228,QY9P
1229,TXNC
1230,44YS
1231,5HN6
1232,IA6Y
1233,VCG5
1234,66L5
1235,EXPJ
1236,MGEI
1237,TQUL
1238,UH8Y
1239,CAS4
1240,2X1B
1241,AM59
1242,O6EZ
1243,N9GM
1244,L6JL
1245,MJNQ
1246,JWKN
1247,Z311
1248,VEDX
1249,SLOW
1250,HZZ2
1251,4VWD
1252,B6VM
1253,YV3U
1254,LV2W
1255,X65Z
1256,QUC4
1257,K804
1258,DH3X
1259,84EU
1260,8LRN
1261,853L
1262,87PC
1263,BSY7
1264,66KX
1265,P0TA
1266,EMR2
1267,QVSG
1268,ZE1C
1269,GPDP
1270,68MO
1271,2935
1272,JOH4
1273,4NIZ
1274,ZKEE
1275,5BTU
1276,22HG
1277,INPZ
1278,MP3S
1279,KS9R
1280,IM67
1281,DL32
1282,DUK1
1283,12L9
1284,VE43
1285,QN88
1286,MY0W
1287,EVI1
1288,ZJZ8
1289,JWDX
1290,TM2G
1291,E0SL
1292,YWHW
1293,PXHZ
1294,SNOY
1295,VVOL
1296,QQLT
1297,T4UG
1298,LPH4
1299,GXNI
1300,YVC6
1301,SLWX
1302,1CU1
1303,04Y6
1304,NBGD
1305,BYDK
1306,6NC0
1307,TLJ4
1308,L6LL
1309,RRCY
1310,N6Z3
1311,UVO4
1312,8N2W
1313,0UGO
1314,40RM
1315,2FCT
1316,B421
1317,H9VG
1318,W5HQ
1319,SXE5
1320,UAQX
1321,QUBA
1322,89XN
1323,MFAV
1324,IKEC
1325,9WBG
1326,PLV6
1327,OT5I
1328,1RKJ
1329,MRE1
1330,ZZCH
1331,R41J
1332,U0L5
1333,K2AW
1334,JMEH
1335,DTJX
1336,UFJ0
1337,NNTW
1338,21D1
1339,Z771
1340,OYH3
1341,7B4X
1342,02TN
1343,OI51
1344,Y0LP
1345,S81M
1346,UUPR
1347,RP02
1348,VC47
1349,MY4Y
1350,WTKP
1351,TDW0
1352,JOVR
1353,AX1P
1354,HKDC
1355,KK0R
1356,MKOC
1357,N2KB
1358,452L
1359,XXUY
1360,612F
1361,4HFE
1362,YJB2
1363,XQO6
1364,O5QX
1365,IPQV
1366,PW71
1367,XBNZ
1368,4GPJ
1369,PML2
1370,PAEW
1371,6OS6
1372,XARR
1373,IR2N
1374,TCRY
1375,4S0R
1376,3LY0
1377,BXGU
1378,KZWM
1379,XTJE
1380,CQND
1381,N4SR
1382,0AZP
1383,HIQW
1384,0OR0
1385,Z6UA
1386,ZE2D
1387,2WY1
1388,ZU4O
1389,HXE3
1390,XEAC
1391,0YIB
1392,HSCO
1393,0IE6
1394,YHY0
1395,XW4V
1396,DXDD
1397,8DQJ
1398,H0CL
1399,CW0G
1400,LOWD
1401,MLW5
1402,BK1X
1403,V3VR
1404,V7TB
1405,Y7KI
1406,B9LO
1407,V85Z
1408,I52Z
1409,921L
1410,TM2V
1411,SZM5
1412,O1KX
1413,EFAK
1414,6F3Z
1415,M2BN
1416,AW4H
1417,LWZ7
1418,OYEF
1419,I3FS
1420,L7NR
1421,PVH1
1422,ITGQ
1423,S47J
1424,258J
1425,1YRI
1426,EVF5
1427,DD2L
1428,4YYP
1429,HWZD
1430,D7U0
1431,8TVK
1432,YM61
1433,TGMM
1434,BJSJ
1435,WCSF
1436,WT9T
1437,RNI2
1438,QJHR
1439,ZJZO
1440,7YIL
1441,S8YF
1442,K8TR
1443,YO4V
1444,P13M
1445,FMLD
1446,80AQ
1447,2US1
1448,ME4P
1449,9WXT
1450,AM4E
1451,70TF
1452,MEHT
1453,6JG5
1454,BIS7
1455,J0VA
1456,TMMM
1457,DJON
1458,P23D
1459,P43O
1460,REY9
1461,JQZ4
1462,NUB2
1463,HUS2
1464,G38F
1465,FD71
1466,HRNI
1467,ASUS
1468,MK0Q
1469,EL67
1470,0M7R
1471,GIJD
1472,V96H
1473,03M3
1474,COA9
1475,UZ2F
1476,XQOR
1477,284X
1478,UDRW
1479,ZBG0
1480,HWG6
1481,G4ZW
1482,NDQL
1483,NDLD
1484,0E8W
1485,UYJ7
1486,WBB0
1487,T1AM
1488,IDSA
1489,G4NY
1490,FWYQ
1491,ANW9
1492,JA2O
1493,Z8Q7
1494,XKJ9
1495,U6VJ
1496,EAM8
1497,ML34
1498,748L
1499,EY30
1500,X2UP
1501,FTKT
1502,9MIQ
1503,DMQ4
1504,RVI9
1505,PTDT
1506,8HWK
1507,KS45
1508,30IW
1509,V308
1510,XW4L
1511,U2PX
1512,QQ1J
1513,NUY0
1514,MT3R
1515,WA67
1516,3USZ
1517,OYZK
1518,4LAB
1519,W6PL
1520,PVQV
1521,ISTG
1522,CJ9R
1523,7YY6
1524,5SCJ
1525,6RA6
1526,WSK0
1527,3TA1
1528,J969
1529,9RGW
1530,N3T2
1531,787S
1532,B10G
1533,KP6W
1534,KSGG
1535,SV6J
1536,LIJL
1537,KVOW
1538,YQH5
1539,9HX9
1540,IGWT
1541,6R0K
1542,Y2PN
1543,GGX0
1544,F6T4
1545,4R2K
1546,LV8E
1547,3UY0
1548,M5MR
1549,T8KO
1550,2427
1551,O42O
1552,P9ZR
1553,6R7F
1554,SPF3
1555,39GJ
1556,J1IG
1557,CZSX
1558,9UE3
1559,2ETS
1560,0IYX
1561,E3JY
1562,T6XH
1563,IBNO
1564,LXU4
1565,I7LG
1566,DEUN
1567,6E3Y
1568,ZRJT
1569,19ZI
1570,0AW7
1571,U65V
1572,I84K
1573,QKVO
1574,WAT4
1575,0V5D
1576,SWJE
1577,AWLU
1578,DQFJ
1579,COYY
1580,8FSW
1581,UHDZ
1582,I2BA
1583,ED3N
1584,NO1E
1585,CI60
1586,9UCQ
1587,3YP1
1588,8DLQ
1589,87L3
1590,Q1IS
1591,RU2C
1592,0HJO
1593,9BD6
1594,URWV
1595,MLUD
1596,MC48
1597,JEP1
1598,3VVM
1599,MMR7
1600,D2JZ
1601,GG3B
1602,IXGJ
1603,EVP7
1604,PZ0W
1605,XT3C
1606,87YP
1607,IVBF
1608,J9D7
1609,22WX
1610,1EO4
1611,5FF5
1612,C7NA
1613,QT79
1614,8UK1
1615,YTC4
1616,TTRR
1617,BXQ5
1618,9TUR
1619,SOX2
1620,3V7Y
1621,0VJO
1622,7ABI
1623,2PWQ
1624,4OSC
1625,T2CR
1626,VW31
1627,N84N
1628,V69C
1629,C60U
1630,Z3UN
1631,95TC
1632,SN42
1633,FKIC
1634,4DSC
1635,12WR
1636,KMTQ
1637,ULS5
1638,OT8Z
1639,WIRE
1640,HGBG
1641,6AWA
1642,12P6
1643,E7F6
1644,LB0F
1645,6CPL
1646,3WNZ
1647,VQ4E
1648,2M03
1649,3CK3
1650,OK1Q
1651,P5UB
1652,OPLY
1653,S47C
1654,22AA
1655,YV8Z
1656,D1QG
1657,6Q1D
1658,6NPK
1659,4W2P
1660,BRQO
1661,OZ2N
1662,88DQ
1663,CDT3
1664,Z1SW
1665,NLYK
1666,KU42
1667,CYK2
1668,4XIU
1669,20IP
1670,I0CI
1671,LG79
1672,LSNE
1673,2ZB4
1674,PBDL
1675,XYLK
1676,HG7P
1677,CFK3
1678,WY4L
1679,BUCT
1680,YX4B
1681,B96C
1682,70K0
1683,IK2U
1684,DOJF
1685,RH7E
1686,BZPA
1687,QMIA
1688,1WL6
1689,PPBS
1690,B80M
1691,5LA6
1692,HIRT
1693,9KXX
1694,YCNS
1695,FR34
1696,L2OO
1697,FSSC
1698,QBVS
1699,J86O
1700,QDJZ
1701,357D
1702,125Q
1703,212C
1704,U88Z
1705,YMTL
1706,N0OR
1707,WCIA
1708,EIUS
1709,MZAC
1710,6OO0
1711,I6T8
1712,GFQ4
1713,O4LU
1714,BI0F
1715,2IK4
1716,H7EL
1717,B03A
1718,K5W9
1719,RMZX
1720,ARC8
1721,ODY7
1722,QV0A
1723,T6G9
1724,VXXG
1725,IRRH
1726,6WGC
1727,KB7U
1728,7EKT
1729,V76E
1730,KEGG
1731,W2US
1732,N67J
1733,XK45
1734,DA1A
1735,RS2N
1736,LIBL
1737,W2SB
1738,ND1R
1739,OF4F
1740,XMB6
1741,50FF
1742,IQRN
1743,4QR6
1744,S41W
1745,8IF1
1746,KHY5
1747,HFTN
1748,OJ8P
1749,HODG
1750,ZKDM
1751,90MY
1752,O4BP
1753,VBVA
1754,MHNE
1755,COBI
1756,OBLL
1757,1Q0H
1758,ASFA
1759,86DF
1760,F95J
1761,65XP
1762,HZQZ
1763,UJUI
1764,JHRM
1765,AZM1
1766,2FFB
1767,XTWU
1768,KRCS
1769,II3K
1770,CW9T
1771,MPGQ
1772,IXZE
1773,HECC
1774,HYJG
1775,BZF9
1776,VXBJ
1777,HZAM
1778,LZUK
1779,IOYU
1780,9KTX
1781,OG2U
1782,WMOJ
1783,VVK7
1784,WNNB
1785,UN7Z
1786,LPM4
1787,UPI7
1788,FI10
1789,X8AM
1790,8OII
1791,KDYU
1792,PWRX
1793,QTX5
1794,Q38S
1795,RJ2V
1796,LFPW
1797,7JIP
1798,NLY6
1799,KJPE
1800,CA5H
1801,6196
1802,0WET
1803,63MS
1804,6S34
1805,DG83
1806,KJSY
1807,10ST
1808,88VS
1809,AGX3
1810,5P4Y
1811,JP5S
1812,EPZ0
1813,UMJO
1814,F4ND
1815,XLTV
1816,HL38
1817,N3C6
1818,67SK
1819,68AW
1820,LG05
1821,FSN6
1822,KYHA
1823,7X95
1824,178V
1825,SRIT
1826,3LE2
1827,3P1O
1828,MU4Y
1829,56F4
1830,VMX4
1831,QH3X
1832,WS4U
1833,0EUD
1834,OMDN
1835,N7R0
1836,RQ71
1837,ZBYV
1838,03P4
1839,AU12
1840,2Z8C
1841,I3PE
1842,3TDT
1843,CIWA
1844,5KNA
1845,ZP43
1846,LMK2
1847,DWB9
1848,X3I7
1849,W03T
1850,NE4H
1851,T81Y
1852,KWDU
1853,38ME
1854,AVAB
1855,ZK8D
1856,X217
1857,35GB
1858,VSHF
1859,3DFV
1860,FMBE
1861,BXPB
1862,FDH3
1863,ZGDA
1864,AN6G
1865,1M3X
1866,SINM
1867,HN25
1868,CRNP
1869,ULHT
1870,CWO4
1871,YX1D
1872,519Y
1873,9WMV
1874,6C55
1875,42SP
1876,F9JD
1877,1OGG
1878,I7YS
1879,CTWL
1880,OQJK
1881,99R7
1882,Z9R2
1883,3I06
1884,GSS6
1885,VHA5
1886,HBTL
1887,NV4Z
1888,252H
1889,T4TC
1890,M4S4
1891,SKZZ
1892,X79N
1893,K0TW
1894,H2OG
1895,5MTH
1896,3ZPX
1897,9KQG
1898,AI9W
1899,AY5P
1900,TV06
1901,V7JE
1902,K6ZB
1903,4YTL
1904,R9WC
1905,K6O6
1906,QRUZ
1907,4VDJ
1908,Q545
1909,3PBO
1910,KTSF
1911,LKXL
1912,THV8
1913,7RBF
1914,HK5N
1915,OG6D
1916,O96O
1917,CPUZ
1918,88FY
1919,3XX8
1920,OEUA
1921,PFZJ
1922,VTVJ
1923,PMRJ
1924,EN65
1925,07S4
1926,A8RG
1927,4Q27
1928,NNLC
1929,HF2Q
1930,RK9P
1931,A5F3
1932,0UK4
1933,BBLE
1934,7OJ6
1935,4Q19
1936,GQOC
1937,9TYT
1938,4DB8
1939,LZHQ
1940,DHP0
1941,2UQB
1942,5YSG
1943,HUR3
1944,UIBF
1945,BUVF
1946,RCA8
1947,2RI1
1948,6K8X
1949,M5XM
1950,VIMQ
1951,G34U
1952,MWNU
1953,7K7E
1954,WZH3
1955,66NS
1956,FERY
1957,247Q
1958,N2C9
1959,TQ8U
1960,LIVZ
1961,N3JD
1962,3CKV
1963,U8CP
1964,59LT
1965,1BGX
1966,VQNV
1967,NURG
1968,OAHD
1969,929J
1970,IZQS
1971,TS61
1972,BGMU
1973,GKLV
1974,9D78
1975,NTAF
1976,J40T
1977,70JQ
1978,6X89
1979,ZGIT
1980,BC9D
1981,OQHM
1982,6B0I
1983,QXKT
1984,90QM
1985,4OF5
1986,4CN7
1987,W6I5
1988,11LZ
1989,R5JE
1990,PXNA
1991,C0K1
1992,IFXY
1993,9D9Q
1994,JCFS
1995,L7J6
1996,3AVE
1997,J80Z
1998,OYVI
